Name,Register No,Tamil,English,Maths,Physics,Chemistry,Biology
A. ARAVIND,23226er001,92,91,78,77,79,80
B. ABINAYA,23226er002,46,52,35,45,45,52
C. ANAND,23226er003,58,50,59,42,45,59
D. AMBIKA,23226er004,66,56,49,55,59,51
E. ARJUN,23226er005,52,60,68,57,68,55
G. BHAVANI,23226er006,84,80,83,70,68,75
H. BALAMURUGAN,23226er007,60,59,43,62,53,58
I. CHITRA,23226er008,41,49,47,45,39,45
J. DEEPA,23226er009,45,45,71,44,30,48
K. DINESH,23226er010,41,49,52,46,39,50
L. DIVYA,23226er011,43,46,54,45,48,50
M. DURAI,23226er012,72,76,76,71,79,69
N. EZHILAN,23226er013,80,69,62,64,82,63
O. GEETHA,23226er014,37,36,45,37,51,42
P. GANESH,23226er015,78,69,80,67,81,81
R. GOPAL,23226er016,60,68,66,59,56,56
S. HARISH,23226er017,62,64,64,65,52,72
T. HEMA,23226er018,16,58,17,39,50,61
U. INDHU,23226er019,51,48,38,47,39,42
V. ILAVARASI,23226er020,59,54,66,69,55,53
A. JAGAN,23226er021,35,35,35,41,43,43
B. JANANI,23226er022,91,94,88,100,94,88
C. KALPANA,23226er023,56,69,21,67,71,49
D. KANNAN,23226er024,53,43,43,33,43,43
E. KANIMOZHI,23226er025,70,59,55,70,56,59
G. KARTHI,23226er026,49,35,37,42,35,48
H. KARTHIK,23226er027,78,79,90,93,87,85
I. KATHIR,23226er028,91,98,99,100,91,92
J. KAVITHA,23226er029,52,41,46,42,35,35
K. KOWSALYA,23226er030,71,70,55,54,69,58
L. KUMAR,23226er031,67,74,65,70,74,72
M. KALAISELVI,23226er032,47,50,42,52,53,49
N. LAVANYA,23226er033,59,55,47,59,41,42
O. LAKSHMI,23226er034,43,14,30,58,52,18
P. LOGESH,23226er035,52,51,44,37,38,56
R. MAGESH,23226er036,59,52,51,61,55,71
S. MALATHI,23226er037,51,60,63,68,59,63
T. MANI,23226er038,41,40,60,42,55,39
U. MANOJ,23226er039,84,83,70,79,70,67
V. MEENA,23226er040,16,49,31,67,63,65
A. MOHAN,23226er041,66,48,56,62,58,64
B. MONISHA,23226er042,49,55,50,51,66,20
C. MURUGAN,23226er043,61,69,55,56,53,70
D. MUTHU,23226er044,53,42,56,48,47,55
E. MYTHILI,23226er045,58,56,56,49,70,55
G. NANDHINI,23226er046,50,48,42,48,51,60
H. NARMADHA,23226er047,84,77,67,70,75,72
I. NARESH,23226er048,47,49,65,59,57,56
J. NITHYA,23226er049,60,57,44,53,59,47
K. PADMA,23226er050,64,76,63,79,80,69
L. PANDIAN,23226er051,62,51,70,59,68,59
M. PARAMESWARI,23226er052,47,59,72,59,66,27
N. PAVITHRA,23226er053,47,28,42,29,51,59
O. POOJA,23226er054,59,64,47,56,56,53
P. PRABHU,23226er055,90,94,94,94,86,96
R. PRAKASH,23226er056,58,74,55,62,69,74
S. PRASANTH,23226er057,50,55,69,57,55,54
T. PRIYA,23226er058,23,38,39,30,53,57
U. RAJ,23226er059,66,66,56,59,56,51
V. RAJESH,23226er060,79,59,62,72,66,64
A. RAJKUMAR,23226er061,68,55,71,61,57,68
B. RAMYA,23226er062,39,60,34,31,27,52
C. RAVI,23226er063,67,71,68,59,69,68
D. REVATHI,23226er064,53,66,54,62,61,66
E. REKHA,23226er065,85,91,79,86,84,85
G. RANJITHA,23226er066,75,82,67,69,69,72
H. SARAVANAN,23226er067,72,54,72,56,52,63
I. SARANYA,23226er068,61,68,65,64,52,57
J. SARATHA,23226er069,99,99,87,99,99,87
K. SATHISH,23226er070,58,61,62,66,66,68
L. SATHEESH,23226er071,77,69,70,75,77,62
M. SELVAM,23226er072,60,71,71,62,55,64
N. SENTHIL,23226er073,61,59,42,54,60,60
O. SHANTHI,23226er074,84,86,97,88,98,89
P. SINDHU,23226er075,64,68,66,62,70,66
R. SIVA,23226er076,60,56,61,56,50,63
S. SOWMIYA,23226er077,55,39,49,45,58,40
T. SUGANYA,23226er078,56,63,62,56,75,60
U. SUMATHI,23226er079,49,60,66,48,63,51
V. SUNDAR,23226er080,24,56,63,50,47,50
A. SURYA,23226er081,56,38,67,32,56,16
B. SURESH,23226er082,48,50,37,35,39,49
C. TAMILARASI,23226er083,47,42,62,67,63,31
D. THENMOZHI,23226er084,65,78,80,68,78,76
E. USHA,23226er085,46,55,47,58,62,50
G. VASANTHA,23226er086,70,69,68,73,63,65
H. VENKAT,23226er087,55,45,57,68,33,69
I. VIJAY,23226er088,77,67,82,77,72,82
J. VIJAYALAKSHMI,23226er089,91,93,100,92,100,92
K. VIGNESH,23226er090,33,17,46,55,38,54
L. VIMALA,23226er091,15,71,55,70,71,68
M. VINOTH,23226er092,54,59,69,54,56,68
N. VISHNU,23226er093,56,49,53,20,21,49
O. ABINESH,23226er094,60,61,60,59,55,58
P. ABIRAM,23226er095,60,47,51,52,53,23
R. AJITH,23226er096,63,53,47,50,53,51
S. AKASH,23226er097,44,48,39,56,43,47
T. AKILESH,23226er098,35,46,38,35,49,44
U. ALAN,23226er099,58,76,67,73,73,72
V. ALPHONSE,23226er100,53,49,56,63,51,50
A. AMBEDKAR,23226er101,65,71,33,43,49,49
B. AMIRTHAM,23226er102,47,43,57,53,59,59
C. ANBARASI,23226er103,61,57,59,59,54,63
D. ANBU,23226er104,77,86,87,69,87,71
E. ANBUMANI,23226er105,81,67,69,63,66,68
G. ANBUSELVAN,23226er106,51,44,50,34,66,68
H. ANGEL,23226er107,16,36,42,15,57,29
I. ANGELIN,23226er108,92,99,89,93,90,94
J. ANISHA,23226er109,44,43,47,51,61,60
K. ANNAMALAI,23226er110,61,50,61,69,56,69
L. ANNPOORANI,23226er111,75,83,84,82,81,69
M. ANTONY,23226er112,52,49,58,47,39,41
N. ANUSHIYA,23226er113,31,68,59,64,34,56
O. APPASAMY,23226er114,54,37,41,51,52,56
P. ARAVINDHAN,23226er115,77,74,87,82,89,84
R. ARCHANA,23226er116,21,30,46,48,45,18
S. AROKIA,23226er117,79,82,87,71,84,72
T. ARULMOZHI,23226er118,73,75,68,77,81,65
U. ARUNACHALAM,23226er119,82,70,75,85,80,88
V. ARUNPANDI,23226er120,73,67,54,59,61,70
A. ASHOKAN,23226er121,41,46,47,35,35,52
B. ASWIN,23226er122,90,88,92,83,96,85
C. BACKIYARAJ,23226er123,65,76,65,82,66,77
D. BAKYALAKSHMI,23226er124,53,45,50,52,52,44
P. LOGII,23226er125,98,99,93,94,99,100
