Name,Register No,Tamil,English,Maths,Physics,Chemistry,Biology
LOGII,23226er125,98,99,93,94,99,100
I. KATHIR,23226er028,91,98,99,100,91,92
J. SARATHA,23226er069,99,99,87,99,99,87
J. VIJAYALAKSHMI,23226er089,91,93,100,92,100,92
I. ANGELIN,23226er108,92,99,89,93,90,94
B. JANANI,23226er022,91,94,88,100,94,88
P. PRABHU,23226er055,90,94,94,94,86,96
O. SHANTHI,23226er074,84,86,97,88,98,89
B. ASWIN,23226er122,90,88,92,83,96,85
H. KARTHIK,23226er027,78,79,90,93,87,85
